{"cameraMode":{"drawMode":0,"name":"Shaded","section":"Shading Mode"},"sceneLighting":true,"audioPlay":false,"sceneViewState":{"m_AlwaysRefresh":false,"showFog":true,"showSkybox":true,"showFlares":true,"showImageEffects":true,"showParticleSystems":true,"showVisualEffectGraphs":true,"m_FxEnabled":true},"in2DMode":false,"pivot":{"x":1.1541049480438233,"y":-1.4648537635803223,"z":-3.644779682159424},"rotation":{"x":-0.031735312193632129,"y":-0.9414948225021362,"z":0.32248514890670779,"w":-0.09265083819627762},"size":12.115076065063477,"orthographic":false}